text,label
"Hello, how are you doing today?",0
Can you please send me the meeting agenda?,0
I'll be there in 10 minutes,0
Did you watch the cricket match yesterday?,0
"Mom, I'll call you back later",0
Let's catch up over coffee this weekend,0
Your parcel has been delivered,0
Please find the attached report,0
Can we reschedule our appointment?,0
Thank you for your help,0
Have a nice day,0
I'm running a bit late,0
Don't forget to bring the documents,0
What's for dinner tonight?,0
I'll pick up the kids from school,0
Please call me when you're free,0
The meeting went well,0
Happy birthday to you,0
See you tomorrow,0
How's the weather there?,0
Can I borrow your pen?,0
Please close the door,0
I'll send you the details shortly,0
Let me know if you need anything,0
Have you completed the assignment?,0
I'm feeling a bit tired today,0
Let's order some food,0
The movie was really good,0
I'll be working from home tomorrow,0
Can you help me with this problem?,0
Thank you for the gift,0
It was nice meeting you,0
Please reply at your earliest convenience,0
I'll get back to you on that,0
Let's discuss this offline,0
I appreciate your patience,0
Have a safe journey,0
Call me when you reach,0
Let's meet at 5 PM,0
I'm stuck in traffic,0
Can you remind me about the meeting?,0
Your order has been shipped,0
"Payment received, thank you",0
Please review the document,0
I'll update you soon,0
Have a great weekend,0
"Hello sir, your HDFC account has been blocked. Please share your OTP to unblock it immediately.",1
This is RBI calling. Your account shows suspicious activity. Share your CVV and PIN to verify.,1
Your KYC has expired. Update now or your account will be permanently suspended.,1
Congratulations! You have won a lottery of 50 lakhs. Send your Aadhaar and PAN number to claim.,1
Your parcel is held at customs. Pay Rs 2000 clearance fee via UPI to release it.,1
Microsoft technical support. Your computer has a virus. Please install AnyDesk immediately.,1
Income tax department. A case is registered against you. Share your PIN to avoid arrest.,1
plz share your otp,1
"Sir your debit card is blocked, give me your card number and expiry",1
"This is from PhonePe, your account will be deactivated. Verify your UPI PIN now.",1
We have detected unauthorized login in your account. Provide OTP to secure it.,1
Your electricity bill is pending. Pay immediately or power will be cut.,1
Your SIM card will be blocked in 2 hours. Call this number for KYC update.,1
Amazon customer service. You have a refund of Rs 5000. Share bank details.,1
Your loan has been pre-approved. Pay processing fee of Rs 2000 to get amount.,1
This is police department. Your son is in accident. Transfer Rs 50000 immediately.,1
Your ATM card is expired. Renew now by sharing your card details and PIN.,1
Government scheme: You have received Rs 15000 subsidy. Send OTP to claim.,1
Your WhatsApp account is being hacked. Forward this code to secure it.,1
Your Paytm account will be suspended. Verify KYC now.,1
This is TRAI. Your number is involved in illegal activities. Press 9 to talk to officer.,1
Your net banking password is expired. Click this link to update.,1
"Dear customer, your SBI account is on hold. Call 1800-XXX-XXXX immediately.",1
"Your credit card has been charged Rs 50,000. If not you, call this number.",1
We are calling from courier service. Your Aadhaar card is required for delivery.,1
Your free fire account is blocked. Share login details to unlock.,1
You have won an iPhone 15. Pay Rs 5000 shipping charges to receive it.,1
Your Instagram account is reported. Verify with OTP or it will be deleted.,1
Your gas subsidy is pending. Update your bank details with OTP.,1
Your Fastag account is blacklisted. Recharge now with Rs 2000.,1
Your Google Pay cashback of Rs 10000 is waiting. Complete KYC.,1
Your EPF account has been suspended. Call this number for reactivation.,1
Your passport application is incomplete. Pay Rs 1500 fee to proceed.,1
Your Aadhaar card is linked to criminal activity. Press 1 to speak to officer.,1
Your bank account will be frozen. Verify your identity by sharing OTP.,1
Your insurance policy is lapsed. Pay premium now to avoid penalty.,1
Your demat account is inactive. Share your login credentials to activate.,1
Your UPI ID is blocked. Update your PIN immediately.,1
Your phone number is selected for a special prize. Send Rs 2000 to claim.,1
Your voter ID is invalid. Update now with personal details.,1
Your ration card is expired. Renew by paying Rs 500.,1
Your job application is selected. Pay registration fee of Rs 1500.,1
Your cryptocurrency wallet is hacked. Transfer funds to safe wallet.,1
Your Bitcoin investment is doubled. Send more funds to multiply.,1
Your Paytm KYC is pending. Share PAN and Aadhaar photo.,1
Your Google account will be deleted. Verify with password.,1
Your Facebook page is reported. Click here to appeal.,1
Your YouTube channel is demonetized. Pay Rs 3000 to fix.,1
Your domain name is expiring. Renew now at discounted price.,1
Your hosting account is suspended. Update payment method.,1
Your SSL certificate is invalid. Click to renew.,1
Your Microsoft 365 subscription is expired. Update billing info.,1
Your Adobe account is locked. Verify email and password.,1
Your Netflix account is on hold. Update payment details.,1
Your Amazon Prime membership is expiring. Renew now.,1
Your Uber account is suspended. Verify payment method.,1
Your Ola account has negative balance. Recharge now.,1
Your Swiggy order is pending. Pay now to confirm.,1
Your Zomato account is hacked. Change password immediately.,1
Your IRCTC account is blocked. Verify with OTP.,1
Your DigiLocker account is locked. Update Aadhaar.,1
Your Umang app profile is incomplete. Complete KYC.,1
Your Aarogya Setu data is outdated. Update health status.,1
Your Cowin vaccination certificate is invalid. Re-register with Aadhaar.,1
Your PAN card is deactivated. Pay penalty of Rs 1000 to reactivate.,1
Your driving license is suspended. Pay fine online.,1
Your vehicle registration is expired. Renew immediately.,1
Your property tax is due. Pay now to avoid penalty.,1
Your water bill is pending. Pay or connection will be cut.,1
Your gas connection will be terminated. Submit KYC.,1
Your LPG subsidy is stopped. Update bank account with OTP.,1
Your PM Kisan installment is stuck. Verify land records with OTP.,1
Your scholarship application is incomplete. Pay processing fee.,1
Your exam form is rejected. Contact helpline with roll number.,1
Your admit card is on hold. Pay fee to download.,1
Your university result is blocked. Clear dues to view.,1
Your college fee is pending. Pay now to avoid late fee.,1
Your hostel allotment is cancelled. Pay security deposit.,1
Your library fine is Rs 500. Pay online.,0
Your WiFi bill is overdue. Pay or service will be disconnected.,1
Your mobile postpaid bill is pending. Pay immediately.,1
Your broadband plan is expired. Recharge now.,1
Your DTH service will be deactivated. Recharge today.,1
Your FASTag balance is low. Recharge to avoid penalty.,1
Your metro card is blocked. Recharge at station.,1
Your bus pass is expired. Renew online.,1
Your train ticket is waitlisted. Confirm by paying extra.,1
Your flight ticket is cancelled. Claim refund with OTP.,1
Your hotel booking is not confirmed. Pay advance to secure.,1
Your event registration is incomplete. Pay fee to confirm slot.,1
Your webinar link is invalid. Register again.,1
Your online course access is revoked. Renew subscription.,1
Your e-book download link is expired. Purchase again.,1
Your software license is invalid. Activate with key.,1
Your antivirus subscription is expired. Renew now.,1
Your cloud storage is full. Upgrade plan.,1
Your email account is over quota. Verify to increase space.,1
Your social media account is restricted. Verify identity.,1
Your online banking is disabled. Call customer care.,1
Your ATM transaction is failed. Contact bank with OTP.,1
Your cheque book request is on hold. Verify address.,1
Your loan EMI is bounced. Pay now to avoid penalty.,1
Your credit card payment is overdue. Pay minimum amount.,1
Your debit card is hotlisted. Apply for new card.,1
Your net banking password is locked. Reset using OTP.,1
Your UPI transaction is pending. Complete by entering PIN.,1
Your mobile wallet is frozen. Verify KYC.,1
Your mutual fund SIP is stopped. Update mandate.,1
Your insurance premium is due. Pay online.,1
Your policy is lapsed. Revive by paying penalty.,1
Your claim is rejected. Submit documents again.,1
Your PF withdrawal is stuck. Update KYC with Aadhaar.,1
Your pension is stopped. Submit life certificate.,1
Your income tax return is defective. Respond to notice.,1
Your GST registration is suspended. File returns.,1
Your company incorporation is cancelled. Pay annual fee.,1
Your trademark is expiring. Renew now.,1
Your patent application is abandoned. Pay fee to revive.,1
Your copyright registration is pending. Submit documents.,1
Your domain name is in redemption period. Pay restoration fee.,1
Your website is blacklisted. Remove malware.,1
Your server is compromised. Change passwords.,1
Your database is corrupted. Restore from backup.,1
Your app is removed from store. Appeal decision.,1
Your developer account is terminated. Contact support.,1
Your API key is revoked. Generate new one.,1
Your cloud instance is stopped. Start to resume.,1
Your virtual machine is deleted. Recover from snapshot.,1
Your storage account is locked. Verify ownership.,1
Your subscription is cancelled. Reactivate to continue.,1
Your trial period is over. Upgrade to paid plan.,1
Your account is in grace period. Pay to avoid suspension.,1
Your invoice is generated. Payment is due.,1
Your quote is ready. Approve to proceed.,1
Your order is on hold. Contact seller.,1
Your shipment is delayed. Track with order ID.,1
Your return is processed. Refund initiated.,1
Your warranty is expired. Extend now.,1
Your service request is closed. Reopen if issue persists.,1
Your complaint is resolved. Rate your experience.,0
Your feedback is recorded. Thank you.,1
Your appointment is confirmed. See you then.,1
Your reservation is guaranteed. Check-in instructions sent.,1
Your table is booked. Please arrive on time.,1
Your ticket is confirmed. Enjoy the show.,1
Your pass is activated. Scan at entrance.,1
Your membership is renewed. Card will be mailed.,1
Your subscription is active. Enjoy benefits.,1
Your account is in good standing. No action needed.,1
Your profile is complete. Thank you for updating.,1
Your settings are saved. Changes will take effect shortly.,1
Your password is changed successfully. Use new password to login.,1
Your email is verified. Welcome aboard.,0
Your phone number is confirmed. You can now use two-factor authentication.,1
Your backup codes are generated. Store them safely.,1
Your security key is registered. Use for passwordless login.,1
Your session is expired. Please login again.,1
Your device is not recognized. Verify with OTP.,1
Your location is detected. Allow access for better experience.,1
Your notifications are enabled. You will receive updates.,1
Your data is synced. Access across devices.,1
Your file is uploaded. Share with others.,1
Your download is complete. Open file.,1
Your report is generated. View or download.,1
Your analysis is ready. See insights.,1
Your dashboard is updated. New metrics available.,1
Your project is archived. Restore to continue.,1
Your task is assigned. Due date is tomorrow.,1
Your comment is posted. Awaiting moderation.,1
Your review is published. Thank you for sharing.,1
Your message is sent. Delivered to recipient.,1
Your call is connected. Speak now.,1
Your video call is starting. Join now.,1
Your screen share is active. Participants can see your screen.,1
Your meeting is recorded. Recording will be available later.,1
Your transcript is ready. Download from portal.,1
Your notes are saved. Access anytime.,1
Your calendar is updated. Event added.,1
Your reminder is set. You will be notified.,0
Your alarm is ringing. Wake up.,1
Your timer is done. Check it.,1
Your stopwatch is running. Lap recorded.,1
Your weather alert: Rain expected. Carry umbrella.,1
Your news briefing is ready. Top stories.,1
Your sports score: India won the match.,1
Your stock alert: Price reached target.,1
Your crypto alert: Bitcoin up 5%.,1
Your flight status: On time.,1
Your train status: Running late by 10 mins.,1
Your bus location: 5 mins away.,1
Your cab is arriving. Driver details sent.,1
Your food is on the way. Track order.,1
Your grocery delivery is scheduled. Be available.,1
Your medicine refill is ready. Pick up at pharmacy.,1
Your lab report is available. View results.,1
Your doctor appointment is tomorrow. Confirm or reschedule.,1
Your vaccination slot is booked. Carry ID proof.,1
Your test is scheduled. Prepare well.,1
Your interview is confirmed. Join link sent.,1
Your offer letter is generated. Sign digitally.,1
Your onboarding is complete. Welcome to the team.,1
Your payroll is processed. Salary credited.,1
Your expense report is approved. Reimbursement initiated.,1
Your leave request is approved. Enjoy your time off.,1
Your timesheet is submitted. Awaiting approval.,1
Your performance review is scheduled. Prepare self-assessment.,1
Your training is assigned. Complete by deadline.,1
Your certificate is issued. Download from portal.,1
Your badge is ready. Collect from security.,0
Your access card is activated. Use to enter premises.,0
Your parking pass is renewed. Display on dashboard.,1
Your visitor pass is generated. Share with guest.,1
Your desk booking is confirmed. Check-in upon arrival.,1
Your room booking is confirmed. Meeting details sent.,1
Your event registration is confirmed. See you there.,1
Your webinar registration is confirmed. Join link sent.,1
Your course enrollment is confirmed. Start learning.,1
Your certification exam is scheduled. Prepare well.,1
Your badge is issued. Share on LinkedIn.,1
Your community post is live. Engage with members.,1
Your forum question is posted. Awaiting replies.,1
Your answer is accepted. Thank you for contributing.,1
Your edit is approved. Changes are live.,1
Your translation is submitted. Awaiting review.,1
Your transcription is complete. Edit or download.,1
Your caption is generated. Add to video.,1
Your thumbnail is ready. Upload to channel.,1
Your video is processing. Will be available shortly.,1
Your stream is live. Viewers can join.,1
Your podcast is published. Listen now.,1
Your playlist is created. Add songs.,0
Your queue is updated. Next track playing.,1
Your radio station is playing. Enjoy music.,1
Your audiobook is resumed. Continue listening.,1
Your reading progress is saved. Pick up where you left.,1
Your bookmark is added. Access from library.,1
Your highlight is saved. View in notes.,1
Your annotation is added. See in margin.,1
Your dictionary lookup: Word meaning displayed.,1
Your translation: Text converted.,1
Your search results: Found 10 items.,1
Your filter is applied. Results narrowed.,1
Your sort order is changed. List updated.,1
Your view is customized. Save layout?,1
Your theme is changed. Appearance updated.,1
Your language is set. Content will be in selected language.,0
Your region is set. Local content will be shown.,0
Your currency is set. Prices shown in INR.,0
Your measurement units are set. Metric system applied.,1
Your accessibility settings are saved. Enhanced experience.,1
Your privacy settings are updated. Data controls adjusted.,1
Your ad preferences are saved. Personalized ads enabled.,1
Your cookie preferences are recorded. Necessary cookies only.,1
Your data download request is received. We'll email when ready.,1
Your account deletion request is pending. Confirm to proceed.,1
Your feedback is submitted. Thank you for helping us improve.,1
Your bug report is filed. We'll investigate.,1
Your feature request is noted. We'll consider for future updates.,1
Your support ticket is created. Agent will respond shortly.,0
Your chat is transferred. New agent joining.,1
Your call is recorded for quality purposes.,1
Your screen is being shared with support agent.,1
Your remote session is active. Agent can control your device.,1
Your issue is resolved. Ticket closed.,0
Your satisfaction survey is ready. Please rate your experience.,1
Your refund is processed. Amount credited to original payment method.,1
Your cancellation is confirmed. No charges applied.,1
Your modification is saved. Booking updated.,1
Your upgrade is successful. New plan activated.,1
Your downgrade is scheduled. Changes effective next billing cycle.,1
Your renewal is processed. Service continues uninterrupted.,1
Your payment method is updated. Future charges will use this.,1
Your billing address is changed. Invoice will reflect new address.,1
Your tax information is updated. Applicable taxes will be calculated.,1
Your invoice is available. Download PDF.,1
Your receipt is attached. Thank you for your payment.,1
Your statement is ready. View transactions.,1
Your balance is low. Add funds to continue.,1
Your credit is applied. New balance updated.,1
Your promo code is applied. Discount reflected.,1
Your coupon is expired. Try another code.,1
Your gift card is redeemed. Balance added to account.,1
Your loyalty points are credited. Redeem for rewards.,1
Your cashback is earned. Will be credited soon.,1
Your referral bonus is pending. Friend must complete signup.,1
Your affiliate commission is approved. Payout scheduled.,1
Your earnings are available. Withdraw to bank account.,1
Your payout is processed. Funds transferred.,1
Your wallet is linked. You can now make payments.,1
Your bank account is verified. ACH transfers enabled.,1
Your UPI ID is verified. Scan to pay.,1
Your card is added. Use for faster checkout.,1
Your default payment method is set. Will be used for future transactions.,1
Your shipping address is saved. Select at checkout.,1
Your delivery instructions are noted. Driver will follow.,1
Your contact preferences are updated. We'll communicate via email.,1
Your notification settings are saved. You'll receive alerts as configured.,1
Your unsubscribe request is processed. You won't receive further emails.,1
Your subscription is paused. Resume when ready.,1
Your account is reactivated. Welcome back.,1
Your data is restored. Previous state recovered.,0
Your backup is complete. Data safely stored.,1
Your sync is complete. All devices up to date.,1
Your update is installed. Restart to apply changes.,1
Your software is up to date. No updates available.,1
Your device is optimized. Running smoothly.,1
Your scan is complete. No threats found.,1
Your cleanup is complete. Disk space freed.,1
Your defragmentation is complete. Drive optimized.,1
Your diagnostics show no issues. System healthy.,1
Your battery health is good. No service needed.,1
Your storage is almost full. Free up space.,1
Your memory usage is high. Close unused apps.,1
Your CPU temperature is normal. Cooling effective.,1
Your network connection is stable. Speed test: 100 Mbps.,1
Your VPN is connected. Traffic encrypted.,1
Your firewall is active. Protection enabled.,1
Your antivirus is running. Real-time protection on.,1
Your malware scan is scheduled. Will run tonight.,1
Your password manager is unlocked. Autofill ready.,1
Your two-factor code is 123456. Use to login.,1
Your authenticator app is synced. Codes generated.,1
Your backup codes are displayed. Copy and save.,1
Your recovery email is set. Use to reset password.,0
Your security questions are updated. Keep answers memorable.,1
Your login alert: New sign-in from Chrome on Windows.,1
Your device added: iPhone 15. Was this you?,1
"Your password changed alert: If not you, secure account.",1
Your account recovered. Welcome back.,1
Your profile picture is updated. Changes saved.,1
Your cover photo is changed. Looks great.,1
Your status is updated. Friends can see.,1
Your story is posted. Will expire in 24h.,1
Your post is shared. Visible to friends.,1
Your comment is liked. Someone reacted.,1
Your photo is tagged. Review and approve.,1
Your mention: You were mentioned in a comment.,1
Your invite: You're invited to an event.,1
Your friend request is accepted. You are now connected.,1
Your message request: Someone wants to chat.,1
Your group invitation: Join the conversation.,1
Your community invitation: Become a member.,1
Your page is liked. New follower.,1
Your channel is subscribed. Welcome new subscriber.,1
Your video is liked. Someone enjoyed it.,1
Your stream is clipped. Highlight created.,1
Your donation is received. Thank you for support.,1
Your membership is started. Welcome to the club.,1
Your perks are unlocked. Enjoy exclusive benefits.,1
Your early access is granted. Try new features first.,1
Your beta invite is accepted. Testing now.,1
Your feedback is valuable. We'll improve.,1
Your suggestion is implemented. Thanks for the idea.,1
Your contribution is merged. Code deployed.,1
Your pull request is reviewed. Approved.,1
Your issue is closed. Fixed in latest release.,1
Your release is published. Download now.,1
Your package is updated. Version bumped.,1
Your dependency is resolved. Build successful.,0
Your test passed. All checks green.,1
Your deployment is complete. Site live.,1
Your rollback is initiated. Previous version restored.,1
Your monitor is alerting. Investigate issue.,1
Your log shows error. Check details.,1
Your metric exceeded threshold. Scaling triggered.,1
Your instance is terminated. New one launched.,1
Your load balancer is healthy. Traffic distributed.,1
Your database is backed up. Snapshot created.,0
Your query is executed. Results returned.,1
Your index is built. Search optimized.,1
Your cache is warmed. Performance improved.,1
Your CDN is purged. Fresh content served.,1
Your DNS is propagated. Changes live.,1
Your SSL certificate is renewed. Site secure.,1
Your domain is verified. Ownership confirmed.,0
Your email is authenticated. SPF/DKIM valid.,1
Your DMARC policy is enforced. Spoofing prevented.,1
Your website is scanned. No malware found.,1
Your uptime is 99.99%. Service reliable.,1
Your response time is 200ms. Fast.,1
Your error rate is 0.1%. Within SLO.,1
Your throughput is 1000 req/s. Scaling.,1
Your concurrent users are 500. System stable.,1
Your session count is normal. No anomalies.,1
Your conversion rate is 5%. Goal achieved.,1
Your bounce rate is 40%. Improve content.,1
Your page views are up 10%. Traffic increase.,1
Your unique visitors are growing. Audience expanding.,1
Your retention is 60%. Users coming back.,0
Your churn is 5%. Within target.,1
Your NPS is 70. Promoters happy.,1
Your CSAT is 4.5. Satisfied customers.,1
Your CES is 3.2. Effort acceptable.,1
Your review average is 4.8 stars. Great reputation.,1
Your sentiment is positive. Customers love you.,1
Your social mentions are up. Buzz increasing.,1
Your share of voice is 30%. Leading competitor.,1
Your brand awareness is growing. More searches.,1
Your campaign is performing. CTR 2%.,1
Your ad is approved. Running now.,1
Your budget is pacing. Spend on track.,1
Your bid is competitive. Winning auctions.,1
Your keyword is ranking #1. Top spot.,1
Your page is indexed. Visible in search.,1
Your snippet is featured. Position zero.,1
Your rich result is enabled. Enhanced display.,1
Your schema is valid. Structured data correct.,1
Your sitemap is submitted. Crawled successfully.,1
Your robots.txt is updated. Allow all.,1
Your canonical is set. Duplicate resolved.,0
Your redirect is working. 301 permanent.,1
Your 404 page is customized. User friendly.,1
Your site speed is 2s. Good.,1
Your mobile usability is excellent. Responsive.,1
Your accessibility score is 95. Inclusive.,1
Your SEO score is 90. Optimized.,1
Your performance grade is A. Fast.,1
Your security grade is A+. Protected.,1
Your privacy grade is A. No trackers.,1
Your carbon footprint is low. Green hosting.,1
Your sustainability report is generated. ESG goals met.,1
Your compliance report is ready. Audit passed.,1
Your certification is renewed. ISO 27001 valid.,1
Your policy is acknowledged. Accept to continue.,1
Your consent is recorded. Preference saved.,1
"Your rights are explained. Access, rectify, erase.",1
Your data subject request is processed. Information provided.,1
Your opt-out is confirmed. You will not receive marketing.,1
Your data is anonymized. Used for analytics.,1
Your personal information is encrypted. Secure.,1
Your session is private. Incognito mode.,1
Your browsing history is cleared. No traces.,1
Your cookies are deleted. Fresh start.,1
Your cache is cleared. Latest version loaded.,1
Your offline data is synced. Changes uploaded.,1
Your draft is saved. Continue later.,1
Your autosave is triggered. Work preserved.,1
Your version history is available. Restore previous.,1
Your collaboration is active. Others are editing.,1
Your comment is resolved. Thread closed.,1
Your suggestion is accepted. Implementing.,1
Your approval is required. Please review.,1
Your signature is requested. Sign document.,1
Your document is signed. Completed.,1
Your envelope is sent. Awaiting signatures.,1
Your template is used. Document created.,1
Your form is submitted. Response recorded.,1
Your survey is completed. Thank you.,1
Your poll is voted. Results shown.,1
Your quiz is finished. Score: 8/10.,1
Your answer is correct. Well done.,1
Your answer is incorrect. Try again.,1
Your hint is used. Here's a clue.,1
Your solution is checked. Good job.,1
Your progress is saved. Resume lesson.,1
Your course is completed. Certificate earned.,1
Your badge is unlocked. Share achievement.,0
Your level is up. New rank: Expert.,1
Your points are added. Redeem rewards.,1
Your streak is maintained. 7 days.,1
Your goal is achieved. Celebrate.,1
Your habit is tracked. Keep going.,1
Your workout is logged. Calories burned: 300.,1
Your step count is 8000. Almost there.,1
Your heart rate is 72 bpm. Normal.,1
Your sleep score is 85. Good rest.,1
Your weight is logged. Trend: stable.,1
Your water intake is recorded. Stay hydrated.,1
Your meal is logged. Nutrition info.,1
Your medication is taken. Dose recorded.,1
Your symptom is logged. Feel better.,1
Your period is tracked. Cycle day 14.,1
Your fertility window is open. High chance.,1
Your ovulation is predicted. Tomorrow.,1
Your pregnancy test is due. 5 days late.,1
Your baby kick count is normal. 10 movements.,1
Your contraction timer is started. Track frequency.,1
Your feeding is logged. 5 oz.,1
Your diaper change is recorded. Wet.,1
Your sleep session is started. Good night.,1
Your wake up is detected. Light sleep.,1
Your alarm is snoozed. 9 more minutes.,1
Your morning routine is complete. Ready for day.,1
Your commute time is 25 mins. Leave now.,1
Your calendar is clear. No meetings.,1
Your focus mode is on. Notifications silenced.,1
Your break time is now. Stretch.,1
Your screen time is 2 hours. Take a break.,1
Your app limit is reached. Time's up.,1
Your downtime is scheduled. 10 PM.,1
Your wind down starts. Relax.,1
Your bedtime is 11 PM. Sleep well.,1
Your wake up alarm is set. 7 AM.,1
Your sunrise alarm is starting. Gradually brightening.,1
Your smart lights are dimming. Good night.,1
Your thermostat is set to 68°F. Energy saving.,1
Your door is locked. Secure.,1
Your camera is armed. Motion detection on.,1
Your smoke alarm is tested. Working.,1
Your leak sensor is dry. No issues.,1
Your air quality is good. Ventilate.,1
Your vacuum is done. Returning to dock.,1
Your mop is finished. Floor clean.,1
Your laundry is done. Move to dryer.,1
Your dryer is finished. Clothes dry.,1
Your dishwasher is running. Cycle: normal.,1
Your oven is preheated. Ready to cook.,1
Your microwave is done. Food hot.,1
Your coffee is brewing. 2 mins.,1
Your water is boiling. Kettle done.,1
Your fridge door is open. Close it.,1
Your freezer temperature is rising. Check seal.,1
Your grocery list is synced. Shop now.,1
Your recipe is saved. Cook later.,1
Your timer is up. Check food.,1
Your delivery is arriving. Meet at door.,1
Your visitor is at gate. Let them in.,1
Your package is in locker. Use code.,1
Your mail is scanned. Important letter.,1
Your reminder: Call mom.,1
Your task: Submit report.,1
Your event: Team meeting at 3 PM.,1
Your anniversary is tomorrow. Don't forget.,1
Your birthday is next week. Plan party.,1
Your holiday is coming up. Booked.,1
Your vacation starts soon. Pack bags.,1
Your trip is confirmed. Itinerary ready.,1
Your boarding pass is here. Gate B12.,1
Your seat is 14A. Window.,1
Your baggage is checked. 23kg.,1
Your flight is boarding. Proceed to gate.,1
Your flight is delayed. New time: 6 PM.,1
Your flight is cancelled. Rebook options.,1
Your hotel check-in is 3 PM. Early arrival?,1
Your room is ready. 5th floor.,1
Your key card is activated. Use elevator.,1
Your WiFi password is GUEST123. Connect.,1
Your breakfast is included. 7-10 AM.,1
Your spa appointment is confirmed. 2 PM.,1
Your dinner reservation is at 8 PM. Enjoy.,1
Your taxi is booked. Arriving in 5.,1
Your rental car is ready. Pick up keys.,1
Your tour is starting. Meet guide.,1
Your tickets are scanned. Enter venue.,1
Your seats are located. Section A.,1
Your intermission is now. 15 mins.,1
Your show is starting. Turn off phones.,1
Your recording is prohibited. Enjoy live.,1
Your photos are allowed. No flash.,1
Your autograph session is after show. Line up.,1
Your meet and greet is confirmed. VIP access.,1
Your backstage pass is granted. Follow escort.,1
Your merch order is ready. Pick up at booth.,1
Your refund is issued. Sorry for inconvenience.,1
Your exchange is processed. New item shipped.,1
Your warranty claim is approved. Replacement sent.,1
Your repair is complete. Device ready.,1
Your estimate is ready. Approve to start.,1
Your appointment is rescheduled. New date confirmed.,1
Your prescription is ready. Pick up at pharmacy.,1
Your lab results are normal. No concerns.,1
Your follow-up is scheduled. See you in 6 months.,1
Your referral is sent. Specialist will call.,1
Your insurance is verified. Coverage active.,1
Your copay is $20. Pay at check-in.,1
Your deductible is met. 100% coverage now.,1
Your HSA card is declined. Use another method.,1
Your FSA funds are expiring. Use by year end.,1
Your tax document is available. Download 1099.,1
Your W-2 is ready. Access portal.,1
Your refund is deposited. Check account.,1
Your tax payment is due. Pay by April 15.,1
Your extension is filed. New deadline Oct 15.,1
Your audit is complete. No changes.,1
Your notice is resolved. Case closed.,1
Your dispute is filed. Investigation started.,1
Your credit report is updated. Score changed.,1
Your credit score is 750. Good.,1
"Your credit limit is increased. New limit $10,000.",1
Your APR is reduced. 15.99%.,1
Your balance transfer is complete. 0% intro APR.,1
Your payment is posted. Thank you.,1
Your autopay is scheduled. Will process on due date.,1
Your paperless statement is on. Go green.,1
Your alert: Large purchase detected. Confirm?,1
Your card is locked. Unlock in app.,1
Your travel notice is set. Card will work abroad.,1
Your foreign transaction fee is 3%. Use local currency.,1
Your ATM withdrawal limit is $500. Increase?,1
Your daily limit is reached. Try tomorrow.,1
Your PIN is changed. Remember new one.,1
Your card is mailed. Arrives in 5-7 days.,1
Your card is activated. Ready to use.,1
Your mobile wallet is provisioned. Tap to pay.,1
Your contactless payment is successful. Thank you.,1
Your chip is read. Remove card.,1
Your swipe is declined. Insert chip.,1
Your signature is required. Sign pad.,1
Your receipt is emailed. Check inbox.,1
Your loyalty card is scanned. Points earned.,1
Your coupon is applied. $5 off.,1
Your discount is 20%. Total: $80.,1
Your tax is calculated. $8.50.,1
Your tip is added. 18%.,1
Your total is $108.50. Pay now.,1
Your split is accepted. You owe $54.25.,1
Your payment is processing. Don't close.,1
Your payment is approved. Thank you.,1
Your payment is declined. Try another card.,1
Your payment is pending. Check back later.,1
Your payment is refunded. Back to card.,1
Your transaction is disputed. Temporary credit issued.,1
Your transaction is flagged. Fraud alert.,1
Your account is frozen. Contact bank.,1
Your account is closed. Final statement sent.,1
Your account is transferred. Welcome to new bank.,1
Your beneficiary is added. POD designation.,1
Your wire is sent. Funds transferred.,1
Your ACH is initiated. 2-3 days.,1
Your check is deposited. Funds available tomorrow.,1
Your check is returned. NSF.,1
Your stop payment is placed. Check will not clear.,1
Your statement is reconciled. No discrepancies.,1
Your budget is on track. Spending within limits.,1
Your goal is funded. $1000 saved.,1
Your investment is up. Portfolio +2%.,1
Your dividend is paid. Reinvested.,1
Your trade is executed. Order filled.,1
Your limit order is placed. Wait for price.,1
Your stop loss is triggered. Position closed.,1
Your margin call is issued. Deposit funds.,1
"Your account value is $50,000. YTD +10%.",1
Your retirement projection is on track. Age 65.,1
Your required minimum distribution is due. Take RMD.,1
Your beneficiary is confirmed. Up to date.,1
Your trust is funded. Assets transferred.,1
Your will is executed. Probate started.,1
Your power of attorney is activated. Agent authorized.,1
Your healthcare directive is on file. Wishes known.,1
Your organ donor status is registered. Save lives.,1
Your voter registration is confirmed. Polling place assigned.,1
Your absentee ballot is requested. Mail by election day.,1
Your ballot is received. Counted.,1
Your jury duty is postponed. New date.,1
Your court date is scheduled. Appear in person.,1
Your ticket is paid. Case closed.,1
Your fine is overdue. Pay now to avoid warrant.,1
Your license is suspended. Reinstatement fee due.,1
Your registration is expired. Renew online.,1
Your inspection is due. Schedule appointment.,1
Your emissions test is passed. Certificate issued.,1
Your title is transferred. New owner.,1
Your lien is released. Clear title.,1
Your insurance card is digital. Show on phone.,1
Your proof of insurance is uploaded. Validated.,1
Your claim is adjusted. Estimate approved.,1
Your repair is authorized. Proceed with shop.,1
Your rental car is covered. Up to $30/day.,1
Your roadside assistance is dispatched. ETA 30 mins.,1
Your tow is on the way. Stay safe.,1
Your battery is jumped. Running again.,1
Your tire is changed. Spare installed.,1
Your lockout is resolved. Door opened.,1
Your fuel is delivered. 2 gallons.,1
Your accident report is filed. Claim number: 12345.,1
Your statement is taken. Other driver at fault.,1
Your witness is contacted. Will provide statement.,1
Your medical payment is covered. Up to $5000.,1
Your PIP is exhausted. Health insurance primary.,1
Your liability limit is $100k. Suit possible.,1
Your umbrella policy is triggered. Excess coverage.,1
Your premium is due. Pay to avoid lapse.,1
Your policy is cancelled. Reinstatement not available.,1
Your quote is ready. Save $200.,1
Your bundle discount is applied. Home + auto.,1
Your safe driver discount is earned. 20%.,1
Your good student discount is verified. 15%.,1
Your defensive driving course is completed. Discount applied.,1
Your telematics device is shipped. Plug in to save.,1
Your driving score is 95. Excellent.,1
Your mileage is low. Pay-per-mile savings.,1
Your usage is 500 miles. Bill: $45.,1
Your trip is recorded. Hard brake detected.,1
Your phone use is detected. Distracted driving.,1
Your speed is excessive. Slow down.,1
Your curfew is violated. Alert sent.,1
Your geofence is crossed. Left home zone.,1
Your arrival is detected. Welcome home.,1
Your departure is logged. Have a safe trip.,1
Your location is shared. Live for 1 hour.,1
Your SOS is activated. Emergency contacts notified.,1
Your fall is detected. Calling emergency services.,1
Your crash is detected. Help is on the way.,1
Your heart rate is irregular. Seek medical attention.,1
Your blood pressure is high. 140/90.,1
Your oxygen saturation is 95%. Normal.,1
Your temperature is 98.6°F. No fever.,1
Your glucose is 120 mg/dL. After meal.,1
Your weight is stable. Keep it up.,1
Your BMI is 24. Healthy range.,1
Your body fat is 20%. Fit.,1
Your muscle mass is high. Strong.,1
Your bone mass is normal. Good.,1
Your water percentage is 55%. Hydrated.,1
Your metabolic age is 30. Younger than actual.,1
Your visceral fat is 8. Healthy.,1
Your calories burned today: 2200. Active.,1
"Your steps are 10,000. Goal achieved.",1
Your distance is 5 miles. Great walk.,1
Your floors climbed: 10. Stairs done.,1
Your active minutes: 60. Daily goal met.,1
Your workout intensity: Moderate. Heart rate 130.,1
Your pace is 9 min/mile. Steady.,1
Your split time: 8:45. Fast.,1
Your lap is complete. 400m.,1
Your swim stroke is freestyle. 50m.,1
Your bike cadence is 80 rpm. Smooth.,1
Your power output is 200 watts. Strong.,1
Your elevation gain is 500 ft. Hill climb.,1
Your descent is 300 ft. Recover.,1
Your route is saved. Share with friends.,1
Your segment time is PR. New record.,1
Your challenge is complete. Badge earned.,1
Your trophy is unlocked. 10k steps streak.,1
Your leaderboard rank is 5. Move up.,1
Your friend challenged you. Accept?,1
Your cheer is received. Thanks.,1
Your comment: 'Great job!',1
Your post is liked. 10 reactions.,1
Your share is reposted. Spreading.,1
Your story is viewed. 50 people.,1
Your live video has 20 viewers. Say hi.,1
Your room is created. Invite others.,1
Your audio is muted. Unmute to speak.,1
Your video is off. Turn on camera.,1
Your screen is shared. Presenting.,1
Your hand is raised. Waiting to speak.,1
Your chat message is sent. Seen.,1
Your reaction is added. 👍,1
Your poll is created. Vote now.,1
Your breakout room is open. Join.,1
Your recording is started. This meeting is being recorded.,1
Your transcript is live. Captions on.,1
Your meeting is ended. Thanks for joining.,1
Your summary is generated. Key points.,1
Your action items are: 1. Send report.,1
Your follow-up is scheduled. Next week.,1
Your availability is shared. Book a time.,1
Your booking is confirmed. Calendar updated.,1
Your invite is accepted. 2 attendees.,1
Your reminder is sent. 10 mins before.,1
Your time zone is set. GMT+5:30.,1
Your working hours are 9-5. Auto-reply outside.,1
Your out-of-office is on. I'll respond later.,1
Your vacation responder is active. Enjoy your time off.,1
Your signature is applied. Sent from iPhone.,1
Your attachment is included. 2 files.,1
Your link is shared. View only.,1
Your permission is granted. Can edit.,1
Your comment is added. Resolve when done.,1
Your suggestion is made. Accept or reject.,1
Your version is named. Final v3.,1
Your publish is successful. Live now.,1
Your site is deployed. URL: example.com.,1
Your domain is connected. Propagation in 48h.,1
Your email is set up. user@domain.com.,1
Your alias is created. Forwarding to main.,1
Your forward is set. Emails redirected.,1
Your filter is applied. Labeled 'Work'.,1
Your spam is caught. 5 messages.,1
Your unsubscribe is processed. Removed from list.,1
Your newsletter is delivered. Read now.,1
Your campaign is sent. Open rate 30%.,1
Your A/B test is running. Subject A winning.,1
Your segment is targeted. 1000 contacts.,1
Your list is cleaned. Bounces removed.,1
Your automation is triggered. Welcome email sent.,1
Your workflow is active. 3 steps.,1
Your tag is applied. VIP customer.,1
Your note is added. Follow up in 2 days.,1
Your task is created. Due tomorrow.,1
Your deal is updated. Stage: Negotiation.,1
Your contact is created. Company: Acme Inc.,1
Your lead is assigned. Owner: You.,1
Your opportunity is won. Closed $10k.,1
Your forecast is updated. Pipeline $100k.,1
Your report is run. 50 records.,1
Your dashboard is refreshed. Data current.,1
Your export is ready. Download CSV.,1
Your import is complete. 100 records added.,1
Your duplicate is merged. 1 record kept.,1
Your validation rule is triggered. Fix errors.,1
Your formula is saved. Calculating.,1
Your pivot table is created. Summarized.,1
Your chart is inserted. Bar graph.,1
Your presentation is ready. Slide deck.,1
Your slide is updated. New design.,1
Your transition is applied. Fade.,1
Your animation is added. Entrance effect.,1
Your video is embedded. Play in slide.,1
Your audio is inserted. Background music.,1
Your notes are visible. Presenter view.,1
Your slideshow is started. Full screen.,1
Your pointer is hidden. Move mouse.,1
Your laser pointer is on. Highlight.,1
Your pen is drawing. Annotate.,1
Your highlighter is marking. Important.,1
Your eraser is clearing. Remove ink.,1
Your slide is advanced. Next.,1
Your slide is previous. Back.,1
Your slide is jumped. Go to 5.,1
Your black screen is on. Pause.,1
Your white screen is on. Blank.,1
Your presentation is ended. Thanks.,1
Your Q&A is open. Ask questions.,1
Your feedback is collected. 5 stars.,1
Your rating is submitted. Thank you.,1
Your review is helpful. 10 found this useful.,1
Your question is answered. See response.,1
Your answer is accepted. Best answer.,1
Your vote is counted. +1.,1
Your flag is reviewed. Thanks for reporting.,1
Your edit is approved. Changes published.,1
Your revision is reverted. Previous version restored.,0
Your history is viewed. 30 days.,1
Your activity is logged. All actions recorded.,1
Your privacy report is generated. Apps accessing data.,1
Your data is requested. Export in progress.,1
Your archive is ready. Download ZIP.,1
Your takeout is complete. Google data.,1
Your transfer is initiated. Moving to new account.,1
Your deletion is scheduled. Account will be removed in 30 days.,1
Your cancellation is processed. Sorry to see you go.,1
Your feedback is heard. We'll improve.,1
Your goodbye is bittersweet. Come back anytime.,1
Your account is closed. Good luck.,1
Your session is ended. Sign out successful.,1
See you next time.,0
Have a wonderful day ahead.,0
Looking forward to our next conversation.,0
Yours sincerely,0
Take care of yourself,0
Enjoy your evening,0
Good luck with your exam,0
Congratulations on your success,0
Wishing you a speedy recovery,0
Happy anniversary,0
Many happy returns of the day,0
All the best for your future,0
May your dreams come true,0
Have a blessed day,0
Jai Shri Krishna,0
Nice to meet you,0
Pleasure meeting you,0
Long time no see,0
How's it going?,0
Working from home,0
We should hang out,0
Let's plan something,0
Maybe next weekend,0
I'm free on Sunday,0
Let me check my calendar,0
I'll let you know,0
I'll confirm later,0
Tentatively yes,0
Let me think about it,0
I'll get back to you,0
Thanks for asking,0
I appreciate it,0
Don't mention it,0
Happy to assist,0
At your service,0
What can I do for you?,0
How can I help?,0
I'm here for you,0
You can count on me,0
I've got your back,0
We're in this together,0
Teamwork makes the dream work,0
Together we can,0
United we stand,0
Strength in unity,0
"One for all, all for one",0
Friends forever,0
Brothers from another mother,0
Sisters before misters,0
Through thick and thin,0
In good times and bad,0
For better or worse,0
Till death do us part,0
Thinking of you,0
You're on my mind,0
Can't wait to see you,0
Counting down the days,0
Excited to meet,0
Looking forward to it,0
Eagerly waiting,0
Believe in yourself,0
Count your blessings,0
Appreciate the little things,0
Enjoy the moment,0
Live in the present,0
Pamper yourself,0
Scented candles,0
Home sweet home,0
There's no place like home,0
Home is where the heart is,0
Making memories,0
Cherished moments,0
Reminder of you,0
Thinking of home,0
Back in the day,0
When we were young,0
Where did the time go?,0
Make every moment count,0
Live life to the fullest,0
What's done is done,0
Let bygones be bygones,0
Forgive and forget,0
Don't dwell on the past,0
Focus on the future,0
Tomorrow is a new day,0
Opportunity knocks,0
Shoot for the stars,0
Sky's the limit,0
It is what it is,0
The show must go on,0
Keep calm and carry on,0
Everything will be fine,0
Trust the process,0
Miracles happen,0
Anything is possible,0
Never say never,0
Impossible is nothing,0
Make a difference,0
Lead by example,0
Actions speak louder than words,0
Deeds not words,0
Practice what you preach,0
Mean what you say,0
Say what you mean,0
Honesty is the best policy,0
Integrity matters,0
Character counts,0
Do the right thing,0
Mission focused,0
Get things done,0
Results oriented,0
Fully committed,0
In a league of its own,0
Putting together,0
Pressure cooking,0
Meet expectations,0
Exceed expectations,0
Release the hounds,0
Let slip the dogs of war,0
Roar with laughter,0
Bose-Einstein condensate,0
State of matter,0
Phase transition,0
Chemical reaction,0
Physical change,0
Nuclear reaction,0
Quantum mechanics,0
Special relativity,0
General relativity,0
Grandfather paradox,0
Bootstrap paradox,0
Predestination paradox,0
Parallel universe,0
Alternate reality,0
Expansion of the universe,0
Cosmic microwave background,0
Galaxy formation,0
Planet formation,0
Natural selection,0
Survival of the fittest,0
Binomial nomenclature,0
Extinction event,0
Mass extinction,0
Greenhouse effect,0
Ozone depletion,0
Montreal Protocol,0
Renewable energy,0
Electric vehicle,0
Hydrogen fuel cell,0
Solid-state battery,0
Geothermal plant,0
Nuclear reactor,0
Fission reactor,0
Particle accelerator,0
Large Hadron Collider,0
Linear accelerator,0
Higgs boson discovery,0
Standard Model confirmation,0
Beyond Standard Model,0
Dark matter search,0
Neutrino oscillation,0
Gravitational wave,0
Black hole merger,0
Neutron star merger,0
Gamma-ray burst,0
Active galactic nucleus,0
Supermassive black hole,0
Event Horizon Telescope,0
First black hole image,0
Space telescope,0
JWST discoveries,0
Goldilocks zone,0
Interstellar travel,0
Generation ship,0
Alcubierre drive,0
Wormhole travel,0
Length contraction,0
Mass-energy equivalence,0
Nuclear binding energy,0
Quantum entanglement,0
Quantum teleportation,0
Quantum computing,0
Shor's algorithm,0
Grover's algorithm,0
Quantum supremacy,0
Post-quantum cryptography,0
Quantum key distribution,0
Quantum internet,0
Quantum metrology,0
Quantum simulation,0
Quantum chemistry,0
Quantum biology,0
Quantum cognition,0
Many-worlds interpretation,0
Copenhagen interpretation,0
Pilot-wave theory,0
Objective collapse,0
Relational quantum mechanics,0
Consistent histories,0
Transactional interpretation,0
Hidden variable theory,0
Local hidden variable,0
Nonlocal hidden variable,0
Libertarianism (metaphysical),0
Hard determinism,0
Soft determinism,0
Butterfly effect,0
Complexity theory,0
Positive feedback,0
Negative feedback,0
Information theory,0
Shannon entropy,0
Thermodynamic entropy,0
Second law of thermodynamics,0
Heat death of the universe,0
Maxwell's demon,0
Landauer's principle,0
Reversible computing,0
Quantum thermodynamics,0
Information paradox,0
Black hole information paradox,0
Hawking radiation,0
Bekenstein bound,0
Holographic principle,0
AdS/CFT correspondence,0
String theory landscape,0
Anthropic principle,0
Weak anthropic principle,0
Strong anthropic principle,0
Fine-tuned universe,0
Cosmic inflation,0
Eternal inflation,0
Pocket universe,0
Bubble universe,0
Cyclic universe,0
Conformal cyclic cosmology,0
Leonardo da Vinci,0
Alice in Chains,0
Girls' Generation,0
Lata Mangeshkar,0
Anoushka Shankar,0
Beatles in India,0
George Harrison,0
Michael Jackson,0
Whitney Houston,0
Christina Aguilera,0
Justin Timberlake,0
Megan Thee Stallion,0
"Tyler, The Creator",0
Childish Gambino,0
Phoebe Bridgers,0
Taylor Swift Eras Tour,0
Beyonce Renaissance,0
Ultra Music Festival,0
Mobile World Congress,0
World Economic Forum,0
Remembrance Day,0
Independence Day,0
Constitution Day,0
Ambedkar Jayanti,0
Valentine's Day,0
Ganesh Chaturthi,0
Hanuman Jayanti,0
Chinese New Year,0
St. Patrick's Day,0
Venice Carnival,0
Day of the Dead,0
Running of the Bulls,0
Extreme Ironing,0
Underwater Hockey,0
Muggle Quidditch,0
Wingsuit flying,0
White water rafting,0
Pan-American Highway,0
Great Ocean Road,0
Pacific Coast Highway,0
North Coast 500,0
Wild Atlantic Way,0
Camino de Santiago,0
Shikoku Pilgrimage,0
Mehrangarh Fort,0
Chittorgarh Fort,0
Great Himalayan National Park,0
Valley of Flowers,0
Yumthang Valley,0
Gurudongmar Lake,0
Living Root Bridges,0
Tawang Monastery,0
Bomdila Monastery,0
Dhankar Monastery,0
Lhalung Monastery,0
Komic Monastery,0
Pin Parvati Pass,0
Manimahesh Lake,0
Kolahoi Glacier,0
Martand Sun Temple,0
Strait of Hormuz,0
Nicobar Islands,0
Papua New Guinea,0
Solomon Islands,0
Marshall Islands,0
Dominican Republic,0
Turks and Caicos,0
North Macedonia,0
Bosnia and Herzegovina,0
Sao Tome and Principe,0
Equatorial Guinea,0
Central African Republic,0
International Date Line,0
Portuguese Empire,0
Japanese Empire,0
Spring and Autumn,0
Space exploration,0
Space Launch System,0
Virgin Galactic,0
Lockheed Martin,0
Northrop Grumman,0
Relativity Space,0
Earth observation,0
Political science,0
Computer science,0
Human resources,0
Children's rights,0
Environmental rights,0
Indigenous rights,0
Minority rights,0
Disability rights,0
Consumer rights,0
Worker's rights,0
Collective bargaining,0
Civil disobedience,0
Nonviolent resistance,0
Bose (Satyendra),0
Hey how are you? My name is Maharsha Fah and I am your brother.,0
"Hello, this is John from the neighborhood.",0
"Hi, I'm calling about the apartment listing.",0
"Hey, how are you doing today?",0
"I'm doing great, thanks for asking!",0
Are we still meeting for coffee tomorrow morning?,0
"Yes, let's meet at the usual place around 10 AM.",0
Can you pick up some groceries on your way home?,0
"Sure, I'll stop by the store after work.",0
Did you watch the cricket match last night?,0
India played really well in yesterday's match.,0
What are you planning to cook for dinner tonight?,0
I was thinking of making chicken biryani tonight.,0
Happy birthday! Wishing you all the best.,0
Thank you so much! That means a lot to me.,0
"The weather is really nice today, isn't it?",0
Let's go for a walk in the park this evening.,0
"I'll be there in about 10 minutes, wait for me.",0
"No problem, take your time, I'm not in a hurry.",0
Did you finish the assignment that was due today?,0
"I submitted it in the morning, it was quite easy.",0
"My flight is at 6 PM, I need to leave by 3.",0
Safe travels! Let me know when you land.,0
Can you send me the meeting agenda for tomorrow?,0
I'll forward the email with all the details.,0
The new restaurant downtown is really good.,0
We should try it this weekend for lunch.,0
How was your day at work today?,0
"It was productive, got a lot of things done.",0
Please remind me to call the doctor tomorrow.,0
"Sure, I'll remind you first thing in the morning.",0
What time does the movie start tonight?,0
The show begins at 7:30 PM at PVR cinema.,0
Please review the document I sent earlier.,0
I've already reviewed it and added my comments.,0
The project deadline has been extended by a week.,0
"That's great news, we'll have more time to prepare.",0
Can you join the team meeting at 3 PM today?,0
"I'll be there, just finishing up a task right now.",0
The client has approved the final design mockup.,0
"Excellent, let's start the development phase.",0
Your leave application has been approved by HR.,0
"Thank you, I'll be away from Monday to Wednesday.",0
The quarterly report looks impressive this time.,0
The team has worked really hard this quarter.,0
Please complete the training module by Friday.,0
"I'm halfway through it, will finish by Thursday.",0
The new software update is ready for deployment.,0
Let's schedule it for this weekend during off hours.,0
We need to hire two more developers for the project.,0
I'll post the job listings on LinkedIn today.,0
The conference call with the US team is at 9 PM IST.,0
"I'll dial in from home, can you share the link?",0
"Mom, I'll be home for Diwali this year.",0
That's wonderful! Everyone will be so happy.,0
Congratulations on your promotion! Well deserved.,0
"Thank you, the whole team has been very supportive.",0
The kids have their school exam next week.,0
I'll help them study this weekend.,0
Your cousin's wedding invitation arrived today.,0
"Great, I need to book the train tickets soon.",0
The baby took her first steps today!,0
"Oh my God, that's amazing! Send me a video.",0
Can you pick up the kids from school at 3 PM?,0
"I'll be there, don't worry about it.",0
Let's plan a family trip during the summer break.,0
How about we go to Manali or Shimla this time?,0
Grandma is feeling much better after the surgery.,0
"That's such a relief, I'll visit her this weekend.",0
I need to visit the bank to update my passbook.,0
The bank is open till 4 PM on weekdays.,0
"I received my salary today, the deposit is confirmed.",0
Let me transfer the rent to the landlord now.,0
My bank statement shows all the transactions correctly.,0
The new debit card I ordered has arrived.,0
I applied for a home loan at the bank branch.,0
The loan officer said the process will take two weeks.,0
I need to change my bank account address.,0
You can do that through the mobile banking app.,0
The EMI for the car loan is getting deducted automatically.,0
"That's great, auto-debit makes things so much easier.",0
I want to open a fixed deposit for my savings.,0
The interest rates are quite good right now.,0
"My netbanking password needs to be changed, it's been a while.",0
Just go to settings and update it from the app.,0
"My phone is running low on battery, I need to charge it.",0
"There's a charger in the living room, use that.",0
I updated my laptop to the latest operating system.,0
How is it working? Is it faster now?,0
"The WiFi seems slow today, is something wrong?",0
"Let me restart the router, that usually fixes it.",0
I need to back up my photos to Google Drive.,0
Do it regularly so you don't lose any memories.,0
"The new iPhone looks really nice, thinking of buying it.",0
"Wait for a sale, you might get a good discount.",0
Can you help me set up my new email account?,0
"Sure, which provider do you want to use?",0
I've enrolled in an online course on data science.,0
"That's a great field, there are many job opportunities.",0
The professor posted the lecture notes on the portal.,0
"Thanks for letting me know, I'll download them.",0
The campus library has some really good reference books.,0
I'll check them out before the next assignment.,0
Exam results will be announced tomorrow morning.,0
I'm nervous but I studied really hard for this.,0
The scholarship application deadline is next month.,0
I'll prepare my documents and submit early.,0
I have a doctor's appointment at 4 PM today.,0
Should I come with you for moral support?,0
The pharmacist said to take this medicine twice a day.,0
Make sure you eat something before taking it.,0
"I started going to the gym, feeling much healthier.",0
"That's awesome, consistency is key for fitness.",0
The yoga class in the park is at 6 AM tomorrow.,0
"Count me in, I need some morning exercise.",0
I'm feeling a bit under the weather today.,0
"Rest up and drink lots of water, you'll feel better.",0
I ordered a new kurta from Myntra for the party.,0
Did you check the size? Online sizes can vary.,0
The grocery store has a great sale this weekend.,0
Let's make a list of what we need before going.,0
"I bought a new pair of shoes, they're really comfortable.",0
Nice! Where did you get them from?,0
Amazon is having a great sale on electronics.,0
I've been wanting to buy a new headphone set.,0
The flight tickets to Goa are surprisingly cheap.,0
Book them now before the prices go up.,0
I need to renew my passport before the trip.,0
The passport office has an online appointment system.,0
The hotel near the beach has great reviews.,0
Let's book a room with an ocean view.,0
Our train is scheduled to arrive at 8:30 AM.,0
I'll have someone pick us up from the station.,0
The new cafe near the office serves amazing coffee.,0
Let's go there for a coffee break this afternoon.,0
"I'm ordering lunch from Swiggy, want anything?",0
Get me a paneer butter masala with naan please.,0
Mom's special recipe for dal makhani is the best.,0
Can you share the recipe? I want to try it.,0
"Never share your OTP with anyone, it's your security.",0
The bank will never call and ask for your PIN.,0
Be careful of fake calls claiming to be from the police.,0
Don't click on suspicious links in text messages.,0
Always verify before transferring money to strangers.,0
Report any fraud calls to the cyber crime helpline.,0
Protect your personal information from scammers.,0
Never give your Aadhaar number over the phone.,0
"Be aware of lottery scams, they are very common.",0
"If someone pressures you urgently, it's likely a scam.",0
Don't install remote access apps like AnyDesk for strangers.,0
"Beware of KYC update scam calls, they are fake.",0
"Sounds good, let me know the details.",0
I completely agree with you on that.,0
That seems like a reasonable plan to me.,0
Let's discuss this in more detail tomorrow.,0
I appreciate your help with this matter.,0
Everything looks fine from my end.,0
"Good idea, let's go with that approach.",0
"Thanks for the heads up, I'll keep that in mind.",0
"No worries, these things happen sometimes.",0
"That makes perfect sense, thank you for explaining.",0
"I'm looking forward to it, should be fun.",0
"Go ahead, you have my full support.",0
"Noted, I'll make the necessary changes.",0
"That's very kind of you, thank you so much.",0
I'll think about it and get back to you.,0
The traffic on MG Road is terrible during rush hour.,0
"Take the metro, it's much faster and cheaper.",0
"I'm watching the new series on Netflix, it's amazing.",0
"Don't spoil it for me, I haven't started yet!",0
The street food in Delhi is absolutely incredible.,0
Nothing beats a plate of chaat from Chandni Chowk.,0
"My neighbor's dog is so friendly, he always greets me.",0
"Dogs are the best, they make everyone smile.",0
The monsoon season should be starting soon.,0
"I love the rain, everything looks so green and fresh.",0
I forgot my umbrella at home and it started raining.,0
"You can borrow mine, I have an extra one.",0
The electricity bill this month is quite high.,0
We should switch to LED bulbs to save energy.,0
I need to get my car serviced next week.,0
There's a good mechanic near the main market.,0
"Hello sir, your SBI bank account has been blocked due to suspicious activity. Please share your OTP to unblock it.",1
This is an urgent call from HDFC bank. Your account will be permanently closed if you don't verify your details now.,1
We have detected unauthorized transactions on your ICICI account. Provide your CVV and expiry date to secure it.,1
Your bank account has been compromised. Transfer all funds to this safe account immediately.,1
RBI has flagged your account for illegal transactions. Share your net banking password to verify.,1
Your debit card has been blocked. Press 1 and provide your card details to reactivate.,1
This is Axis Bank customer care. Your account has unusual activity. Share your UPI PIN for verification.,1
Your SBI YONO account will be suspended in 24 hours. Click this link to update your KYC immediately.,1
Alert from HDFC Bank: Your account is under investigation. Call this number with your account details.,1
Your bank account has been selected for a security upgrade. Share your ATM card number and PIN.,1
Your KYC has expired. Your Paytm wallet will be blocked if not updated within 2 hours.,1
Urgent: Update your KYC by sharing your Aadhaar number and PAN card to avoid account suspension.,1
PhonePe requires mandatory KYC update. Share your documents on WhatsApp to this number.,1
Google Pay KYC verification needed. Download this app and scan your Aadhaar for instant verification.,1
Your GPay account will be deactivated without KYC. Share your PAN and Aadhaar now.,1
This is the cyber crime department. A case has been filed against your Aadhaar number. Pay the fine immediately.,1
Your name is linked to a money laundering case. Transfer the security deposit or face arrest.,1
FIR has been registered against your mobile number. Cooperate by sharing your details to avoid arrest.,1
This is the Income Tax department. You have pending tax dues. Pay now to avoid legal action.,1
A drug parcel with your name was intercepted by customs. Pay the clearance fee to avoid jail time.,1
We are calling from the Supreme Court. Your hearing is tomorrow. Pay the bond amount now.,1
Police case number 4523 has been filed against you. Only way to dismiss is by paying the settlement.,1
Your Aadhaar has been used in a terrorism case. Cooperate now or we will issue arrest warrant.,1
CBI is investigating your phone number for fraud. Verify your identity by sharing Aadhaar and PAN.,1
TRAI has received complaints about your number. It will be disconnected in 2 hours unless you verify.,1
I'm calling from Amazon. Your order refund is pending. Share the OTP you received to process it.,1
An OTP has been sent to your phone by mistake. Can you please read it out to me?,1
"For refund processing, please install AnyDesk and share the 9-digit code with me.",1
Install TeamViewer urgently. We need remote access to fix a security issue with your phone.,1
I'll send you an OTP for account verification. Please share it with me when you receive it.,1
Your WhatsApp will be hacked if you don't share the verification code I just sent.,1
"To complete the KYC, I need the OTP that was sent to your registered mobile number.",1
I'm from Google support. Share your Gmail OTP to prevent your account from being deleted.,1
Install QuickSupport app and give me remote access. I'll fix the virus on your phone.,1
The OTP I sent is for security verification only. It is completely safe to share with me.,1
Congratulations! You've won Rs 25 lakh in the KBC lottery. Pay processing fee to claim.,1
You have been selected for a special government reward of Rs 15 lakh. Share your bank details.,1
"Your mobile number has won the Jio lucky draw prize of Rs 50,000. Pay tax to receive it.",1
"You are the winner of our international lottery worth $500,000. Transfer the handling charges.",1
"Flipkart has selected you as the lucky winner. Pay Rs 5,000 registration fee to claim your prize.",1
"Amazon quiz winner! You've won an iPhone. Pay delivery charges of Rs 2,999 to receive it.",1
Your number was randomly selected for Rs 10 lakh reward from RBI. Provide account details.,1
"Congratulations on winning the WhatsApp lucky draw. Transfer Rs 3,000 to receive Rs 1 crore.",1
Pre-approved personal loan of Rs 10 lakh at 0% interest. Share Aadhaar to avail immediately.,1
Your credit card limit has been increased. Share your card number for activation.,1
"Outstanding loan of Rs 2,50,000 on your account. Pay immediately or face legal consequences.",1
We can settle your home loan at 50% discount. Transfer the settlement amount today.,1
"Your CIBIL score has dropped. Pay Rs 5,000 to restore it immediately.",1
Low interest car loan approved for you. Just share your PAN and salary slip to process.,1
I'm sending you money on UPI. Please accept the collect request.,1
"I accidentally transferred Rs 50,000 to you. Please return it to this UPI ID immediately.",1
"To receive the cashback of Rs 10,000, scan this QR code from your GPay app.",1
Your PhonePe account has been hacked. Send Rs 1 to verify your UPI is working.,1
"Enter your UPI PIN to receive the refund of Rs 5,000 that's pending for you.",1
"Complete this UPI payment of Re 1 for verification and get Rs 1,000 cashback instantly.",1
Your LIC policy is about to lapse. Share your policy number and pay the premium now.,1
You are eligible for a health insurance bonus of Rs 5 lakh. Share your details to claim.,1
"Your insurance claim has been approved. Pay the processing fee of Rs 10,000 to receive it.",1
Special government health scheme covers you for free. Provide Aadhaar for enrollment.,1
Your electricity connection will be cut in 2 hours due to pending bill. Pay now.,1
BSNL will disconnect your number today. Call immediately with your Aadhaar to prevent.,1
"Your gas connection will be terminated. Pay the outstanding amount of Rs 8,500 now.",1
"Water supply will be stopped due to unpaid bill. Transfer Rs 3,200 immediately.",1
"Work from home opportunity. Earn Rs 50,000 per month. Just pay Rs 2,000 registration fee.",1
"You've been selected for a government job. Pay the security deposit of Rs 15,000.",1
Amazon is hiring data entry operators. Share your resume and pay Rs 500 for processing.,1
"Part time job offer: Like videos and earn Rs 5,000 per day. Join now on Telegram.",1
"Your courier from international has been held at customs. Pay Rs 25,000 clearance fee.",1
A valuable parcel addressed to you requires identity verification. Share Aadhaar immediately.,1
"Your FedEx shipment requires additional charges. Pay Rs 12,000 or it will be returned.",1
"Customs duty of Rs 50,000 pending on your imported goods. Pay to avoid seizure.",1
"Invest Rs 10,000 in our stock market scheme and earn Rs 1 lakh guaranteed in 30 days.",1
Cryptocurrency trading opportunity. Double your money in just 7 days. Guaranteed returns.,1
"Join our WhatsApp group for guaranteed stock market tips. Just pay Rs 5,000 monthly.",1
Binary trading platform with 100% profit guarantee. Invest now before the offer expires.,1
Your SIM will be blocked in 4 hours due to Aadhaar mismatch. Share Aadhaar to verify.,1
Your mobile number is being used for fraud. Send Aadhaar to this number to clear your name.,1
TRAI will deactivate your number. Press 1 to speak with an officer immediately.,1
Your JIO SIM has been flagged. Visit the link and enter your details to avoid blocking.,1
Your son has been detained by the police. Transfer Rs 2 lakh bail money immediately.,1
This is the hospital. Your relative has had an accident. Transfer money for emergency surgery.,1
"I am your son's professor. He is in trouble and needs Rs 50,000 immediately.",1
Your daughter has been kidnapped. Transfer money to this account and don't call police.,1
"As per RBI guidelines, you need to verify your account by sharing your net banking credentials.",1
We're from the government digital India program. Install this app for free digital services.,1
Your pension will be stopped unless you update your biometric data. Share Aadhaar urgently.,1
"Central government scheme for free laptop. Pay Rs 1,500 processing and shipping fee only.",1
Aadhaar biometric update required. Visit this website and upload your fingerprint data.,1
Your PF account has matured. Share your UAN number and bank details for withdrawal.,1
"Income tax refund of Rs 25,000 pending. Enter your card details to receive it.",1
Your Aadhaar has been deactivated. Reactivate by providing your biometric details.,1
Government is distributing free ration kits. Share Aadhaar for registration.,1
PM Kisan Yojana rejected your application. Verify with Aadhaar now to reapply.,1
This is your last warning. Your account will be permanently deleted in 1 hour.,1
Do not hang up the phone. Stay on the line or the police will be sent to your address.,1
Act immediately or your savings will be lost. There is no time to waste.,1
Do not tell anyone about this call. It is a confidential government matter.,1
"If you don't cooperate right now, a warrant will be issued in your name today.",1
Transfer the amount in the next 30 minutes or the legal proceedings will begin.,1
Keep this call confidential. Do not discuss this with family or friends.,1
"You must act now. Every minute you delay, your risk increases.",1
This is extremely urgent. Your financial security is at stake right now.,1
We will freeze all your accounts if you do not comply within the next hour.,1
"Hey bhai, kal office kitne baje aana hai?",0
Mummy khana tayyar hai kya?,0
Main 10 minute mein wahan pahunch raha hu.,0
Exam ki tayari kaisi chal rahi hai?,0
Bhai movie dekhne chale aaj raat?,0
"Kal subah jaldi uthna hai, alarm laga de.",0
"Mera laptop theek nahi chal raha, check kar lena.",0
Office ka naya project kab start hoga?,0
Aapka din kaisa raha?,0
"Sab theek thak chal raha hai, tension mat lo.",0
Sir mujhe kal chhutti chahiye.,0
Meeting ka link share karna ek baar.,0
"Main driving kar raha hu, baad mein call karta hu.",0
Paanipuri waale bhaiya theek se banana.,0
"Zomato wala aa gaya hai, main gate par hu.",0
"Sir main sbi branch se bol raha hu, aapka khata band hone wala hai.",1
"Aapke number par kbc lottery laga hai 25 lakh ka, apna account number dein.",1
"Yeh police station se hai, aapke khilaaf FIR darz hui hai paiso ke mamle me.",1
"Madam aapka credit card block ho gaya hai, unblock karne ke liye OTP batayein.",1
Turant anydesk install kijiye warna aapka aadhaar link fail ho jayega.,1
"Main custom officer bol raha hu, aapka parcel pakda gaya hai, fine bharna padega.",1
Jaldi paisa transfer kariye warna police aake giraftar kar legi.,1
"Aapko EMI waiver mila hai sir, bas ek link pe click karke pin daliye.",1
"Ye antim chetawani hai, aapka khata freeze hone ja raha hai.",1
"Jaldi account update kijiye, aakhri mauka hai.",1
Kya haal hai bhai? Sab theek?,0
"Arey yaar, bahut din ho gaye tujhse mile hue.",0
"Kaise ho? Main theek hu, tu bata.",0
"Sab badhiya chal raha hai, tension mat le.",0
"Bhai long time no see, kab milte hain?",0
"Aaj mood kaafi acha hai, mausam bhi mast hai.",0
"Yaar tu kitna change ho gaya hai, pehchaan hi nahi aaya.",0
Kal raat bahut maza aaya party mein.,0
Tum bahut acche lag rahe ho aaj.,0
"Chal na baithte hain kahin, coffee peete hain.",0
Kya kar raha hai aaj kal? Kuch naya?,0
"Main abhi ghar pahuncha, thoda rest karta hu.",0
"Tu tension mat le, sab sort ho jayega.",0
Bhai masti karte hain weekend pe.,0
Bahut boring din tha aaj office mein.,0
Aaj ka din bahut productive raha mere liye.,0
"Subah se kaam mein laga hua hu, abhi free hua.",0
"Tu bhi aaja, hum sab yahi pe hain.",0
"Main thoda late ho jaunga, tu chalu kar.",0
"Haan bhai bol, kya scene hai?",0
"Arey chill kar, itna stress mat le.",0
Tera phone nahi lag raha tha kal se.,0
"Battery dead ho gayi thi, isliye nahi utha paya.",0
Sab log pooch rahe the tere baare mein.,0
Bahut miss kar rahe hain sab tujhe.,0
"Kal milte hain pakka, cancel mat karna.",0
"Main free hu abhi, baat kar sakte hain.",0
"Chal theek hai, baad mein baat karte hain.",0
"Raat ko call karna, abhi meeting mein hu.",0
"Haan bhai sun, ek kaam tha tujhse.",0
"Mummy ne poori banayi hai aaj, jaldi aa.",0
Papa ka BP check karwana hai kal.,0
Bhai ki shaadi ki shopping karni hai.,0
"Ghar mein sab theek hai, chinta mat kar.",0
Dadi ko hospital le jaana hai checkup ke liye.,0
Mummy ne kaha tujhe ghar aake khana kha le.,0
"Bhai ka result aa gaya, pass ho gaya.",0
"Papa ne nayi gaadi li hai, bahut acchi hai.",0
Ghar ki safai karni hai weekend pe.,0
"Bacha so gaya hai, awaaz mat karna.",0
Didi ki job lag gayi hai Bangalore mein.,0
Choti behen ka project help karna hai.,0
Ghar pe mehman aa rahe hain kal.,0
"Mummy beemar hai, dawai lani hai.",0
Papa ne kaha market se sabzi le aana.,0
Bhabhi ne bahut accha halwa banaya hai.,0
"Nani ka phone aaya tha, sab theek hai.",0
Ghar ki rent ka time aa gaya hai.,0
Bijli ka bill bahut zyada aaya hai is baar.,0
AC ka filter saaf karna hai.,0
Washing machine repair karwani hai.,0
"Fridge mein kuch nahi hai, grocery laani padegi.",0
Bacche school se aa gaye hain.,0
Tuition ki fees bhar di maine.,0
Papa retire ho rahe hain next month.,0
Joint family mein rehna mushkil hai kabhi kabhi.,0
Mummy ne pooch raha ki shaadi kab karoge.,0
Ghar ka loan almost khatam hone wala hai.,0
Diwali pe ghar whitewash karwana hai.,0
Garden mein naye paudhe lagaye hain.,0
Aaj office mein bahut kaam tha.,0
Boss ne naya project assign kiya hai.,0
"Meeting 3 baje hai, yaad rakhna.",0
Salary aa gayi kya tere account mein?,0
Leave apply karni hai kal ke liye.,0
Appraisal mein kuch khaas nahi mila is baar.,0
"Naya intern aaya hai, bahut smart hai.",0
Office ki canteen ka khana aaj accha tha.,0
Deadline extend ho gayi hai ek hafte se.,0
Presentation ready kar li maine.,0
Client ko mail bhej dena aaj shaam tak.,0
"Code review pending hai tera, jaldi kar.",0
"Laptop bahut slow ho gaya hai, IT se bolna padega.",0
Kaam khatam kare bina ghar nahi ja sakta aaj.,0
Office shift timing change ho gayi hai.,0
Work from home ka option mil gaya hai.,0
Team outing plan ho rahi hai next week.,0
HR se baat karni hai leave ke baare mein.,0
Monthly report submit karni hai kal tak.,0
"Server down hai, kuch kaam nahi ho pa raha.",0
"Git merge conflict aa raha hai, help chahiye.",0
Standup meeting skip kar di aaj maine.,0
"Tera code accha hai bhai, clean likha hai.",0
Production deploy karna hai raat ko.,0
"Sprint planning kal hai, backlog update kar.",0
Manager ne appreciation mail bheja hai.,0
Office mein WiFi bahut slow hai aaj.,0
Cab late aa rahi hai roz subah.,0
Cafeteria mein naya menu aaya hai.,0
Conference room book kar de 4 baje ka.,0
Aaj kya khayein? Bahar chalte hain kya?,0
Biryani khane ka mann hai.,0
Chole bhature wala naya dukaan khula hai.,0
Mummy ki haath ki dal baat alag hai.,0
Zomato se order karte hain kuch.,0
Swiggy pe 50 percent off hai aaj.,0
"Chai bana de yaar, bahut thak gaya hu.",0
Maggi khani hai raat ko.,0
Paneer tikka banana seekh raha hu.,0
"Atta khatam ho gaya hai, laana padega.",0
Sabzi mandi se taaza sabziya layi hain.,0
Momos khane chalein? Naye stall pe.,0
Chutnee bahut acchi banayi hai tune.,0
Roti gol nahi ban rahi meri.,0
Doodh le aana dairy se.,0
"Fruit salad kha le, healthy rehna chahiye.",0
Pizza order karte hain Dominos se.,0
Paratha accha bana hai aaj tera.,0
Kheer bana rahi hai mummy Navratri ke liye.,0
"Samosa garam garam kha, bahut mast hai.",0
Restaurant ka khana itna mehenga ho gaya hai.,0
Ghar ka khana hi sabse acha hai.,0
"Filter coffee try kar ek baar, mast hai.",0
"Ice cream kha le, garmi bahut hai.",0
"Nimbu paani pee le, dehydration ho jayega.",0
Exam ki padhai shuru kar di?,0
"Notes share karna apne, mere pass nahi hai.",0
"Viva kal hai, bahut nervous hu.",0
"Attendance kam ho gayi hai, dhyan rakh.",0
Professor ne assignment diya hai Monday tak.,0
Library mein seat nahi milti aaj kal.,0
Placement season shuru hone wala hai.,0
GATE ki taiyari kar raha hu.,0
CAT ke liye coaching join karni hai.,0
"College fest next month hai, volunteer karega?",0
Lab practical ka submission kal hai.,0
"Semester result aa gaya, CGPA 8.5 hai.",0
"Internship mil gayi, Amazon mein.",0
Thesis complete karni hai March tak.,0
Research paper publish karwana hai.,0
Online class boring hoti hai yaar.,0
Group discussion ki practice karni hai.,0
Hostel ka khana kab sudharega.,0
Canteen mein samosa bahut mehenga ho gaya.,0
Farewell party ka plan banana hai.,0
Junior ko ragging nahi karni chahiye.,0
Mentor bahut helpful hai apna.,0
Dean ne notice diya hai attendance ke liye.,0
Workshop attend karni hai Saturday ko.,0
Coding competition mein participate karna hai.,0
"Mall mein sale laga hai, chalein kya?",0
Amazon pe bahut acche deals hain aaj.,0
Flipkart Big Billion Day aane wala hai.,0
Naye kapde lene hain Diwali ke liye.,0
"Shoes purane ho gaye hain, naye chahiye.",0
Ye shirt tujh pe acchi lagegi.,0
"Return karna hai ye product, size galat aaya.",0
Online shopping mein fraud se bachna chahiye.,0
Local market mein sasta milega ye.,0
Meesho pe bahut sasti cheezein milti hain.,0
"Myntra se order kiya tha, aa gaya.",0
Coupon code lagaya toh 200 bach gaye.,0
"EMI pe le le, ek saath nahi dene padenge.",0
Sabzi mandi mein tamatar 80 rupaye kilo hai.,0
Petrol phir mehenga ho gaya hai.,0
Groceries ka kharcha bahut badh gaya hai.,0
"Ye phone lena chahiye, reviews acche hain.",0
Warranty khatam ho gayi kya iska?,0
"Bill dikha de, exchange karna hai.",0
Chottu ki dukaan pe sab sasta milta hai.,0
Goa ka trip plan karte hain.,0
Flight ki tickets bahut mehengi hain abhi.,0
Train mein confirm ticket mil gayi.,0
"Ola book kar, auto nahi mil raha.",0
Uber mein surge pricing hai abhi.,0
"Metro se jao, traffic bahut hai.",0
Road pe bahut traffic jam hai aaj.,0
"Petrol bharwa le, tank khaali hai.",0
Manali mein bahut thand hai abhi.,0
Kashmir jaana hai is winter mein.,0
Passport renew karwana hai.,0
Visa appointment leni hai US ki.,0
Airport pe 2 ghante pehle pahunchna padega.,0
Hotel ka booking kar di hai Jaipur mein.,0
Rajasthan mein desert safari karni hai.,0
Kerala trip pe bahut maza aaya tha.,0
Ladakh bike trip ka plan hai.,0
IRCTC pe tatkal booking karni hai.,0
Bus mein seat reserve karwa li.,0
Challan kat gaya signal todne ka.,0
IPL match dekh raha hai? RCB vs CSK hai aaj.,0
"Virat ne century maari, kya innings tha!",0
India ne World Cup jeet liya!,0
FIFA World Cup final mein kya match tha.,0
Cricket practice ke liye ground pe jaana hai.,0
"Gym join karna hai, health pe dhyan dena chahiye.",0
Yoga karna shuru kiya hai subah.,0
Running karta hai tu roz? Main bhi start karunga.,0
Movie dekhne chalein? Naya release aaya hai.,0
OTT pe bahut acchi series aayi hai.,0
Netflix pe kya dekh raha hai aaj kal?,0
Amazon Prime pe naya show aaya hai.,0
"Spotify pe ye song sun, bahut accha hai.",0
Concert ka ticket milega kya?,0
"Gaming karte hain raat ko, BGMI khelenge.",0
PS5 bahut mehenga hai yaar.,0
Instagram pe tera reel viral ho gaya.,0
YouTube pe vlog upload karna hai.,0
Podcast sunna shuru kiya hai maine.,0
"Book padh raha hu ek, bahut interesting hai.",0
"Tabiyat theek nahi hai, bukhar aa raha hai.",0
Doctor ke paas jaana hai kal.,0
Dawai kha li? Time pe leni chahiye.,0
"Health insurance le le, zaruri hai.",0
Blood test karwana hai routine checkup ka.,0
Dentist ka appointment lena hai.,0
Neend nahi aa rahi raat ko.,0
Stress bahut badh gaya hai kaam ka.,0
"Walking kar, health acchi rahegi.",0
"Pani zyada piya kar, dehydration hota hai.",0
Aankhein dard kar rahi hain screen dekhte dekhte.,0
Physiotherapy leni padegi back pain ke liye.,0
Vitamins le raha hu daily.,0
"Weight badh gaya hai, diet pe aana padega.",0
Allergy ho gayi hai kisi cheez se.,0
COVID vaccine laga li? Booster bhi lagwa le.,0
Mental health ka bhi khayal rakhna chahiye.,0
"Meditation try kar, bahut fayda hota hai.",0
"Gym mein injury ho gayi, rest karna padega.",0
Protein shake peeta hai tu workout ke baad?,0
Phone ka storage full ho gaya.,0
Laptop mein RAM upgrade karwana chahiye.,0
WiFi bahut slow chal raha hai ghar ka.,0
"Naya iPhone launch hua hai, dekha tune?",0
"App update kar le, naya version aaya hai.",0
"UPI se payment kar de, cash nahi hai.",0
Google Drive pe file upload kar de.,0
Instagram story dal di maine.,0
WhatsApp group mein message dekh.,0
LinkedIn pe profile update karna hai.,0
Naya laptop lena hai coding ke liye.,0
Screen guard lagwa le phone pe.,0
"Charger kharab ho gaya, naya lena padega.",0
Bluetooth speaker kharid liya maine.,0
Printer mein ink khatam ho gayi.,0
Windows update install karna hai.,0
Antivirus renew karwana padega.,0
Cloud backup le le data ka.,0
VPN use kar public WiFi pe.,0
"Dark mode on kar le, aankhon ko aaram milta hai.",0
Diwali ki shopping shuru karte hain.,0
Holi pe rang nahi khelna mujhe.,0
Eid pe biryani khane aaja ghar.,0
Christmas party rakh rahe hain office mein.,0
Navratri mein garba khelne chalein?,0
Raksha Bandhan pe behen ko gift dena hai.,0
Ganesh Chaturthi pe pandal dekhne jayenge.,0
Makar Sankranti pe patang udaayenge.,0
Durga Puja mein pandal hopping karni hai.,0
New Year party kahan pe hai?,0
Birthday cake order karna hai.,0
Anniversary gift kya dein?,0
"Shaadi ka card aaya hai, jaana padega.",0
Mehendi lagwani hai engagement ke liye.,0
Sangeet mein dance practice karni hai.,0
"Baarish ho rahi hai bahar, chata le ja.",0
"Bahut garmi hai aaj, AC chala de.",0
"Thand bahut hai, sweater pehen le.",0
Fog itni hai ki kuch dikh nahi raha.,0
"Dhoop mein mat nikalna, sunstroke ho jayega.",0
Mausam bahut suhana hai aaj.,0
Barsat mein chai pakode ka maza alag hai.,0
Summer vacation ka plan bana.,0
Winter mein Shimla jaayenge.,0
Spring mein garden kitna accha lagta hai.,0
Salary account mein paise aa gaye.,0
FD karwa li hai 7 percent interest pe.,0
Mutual fund mein SIP shuru ki hai.,0
Income tax return file karni hai.,0
"Credit score check kiya, 750 hai.",0
EPF ka balance dekh le online.,0
Insurance premium bharna hai is month.,0
Home loan ka EMI auto debit hai.,0
UPI se dost ko paise bhej diye.,0
Paytm wallet mein balance add karna hai.,0
NEFT se payment bhej di hai.,0
ITR filing last date 31st July hai.,0
Stock market mein invest karna seekh raha hu.,0
PPF account mein deposit karna hai.,0
Budget manage karna seekhna chahiye.,0
"OTP kisi ko mat batana, fraud ho sakta hai.",0
Online scam se bachne ke liye aware raho.,0
Unknown links pe click mat karna.,0
Bank kabhi phone pe OTP nahi maangta.,0
Aadhaar number share mat karo kisi se.,0
Public WiFi pe banking mat karna.,0
Strong password rakhna bahut zaruri hai.,0
Two factor authentication enable kar le.,0
Suspicious call aaye toh disconnect kar de.,0
Phishing email ka reply mat karna.,0
"Apna PIN kisi ko mat batao, ye tumhari security hai.",0
Cyber crime helpline 1930 pe call kar sakte ho.,0
RBI ne kaha hai ki bank kabhi personal details nahi maangta.,0
"Fake calls se savdhan raho, pehle verify karo.",0
Net banking ka password regularly change karo.,0
Sir main SBI head office se baat kar raha hu. Aapka account block ho gaya hai.,1
Aapna khaata chalu rakhne ke liye turant apna aadhaar link karein.,1
Aapke account se 50000 rupe nikalne wale hain. Rokne ke liye OTP bataiye.,1
"Madam ji, aapka ATM card expire ho raha hai. Naya card lene ke liye details dein.",1
KYC update nahi karaya toh kal se bank transaction band ho jayega.,1
Aapke credit card pe fine laga hai. Maaf karwana hai toh OTP share kariye.,1
"Sir, aapko refund mila hai 5000 ka. UPI pin enter kariye paise paane ke liye.",1
Main HDFC bank manager bol raha hu. Aapne payment nahi kiya EMI ka.,1
Aapka loan approve ho gaya hai 5 lakh ka. File charge 2000 bhejein.,1
Google Pay cashback aaya hai aapka. Reward link pe click kijiye.,1
"PhonePe customer care se hoon. Aapka transaction fail hua, refund ke liye verify karein.",1
"Pan card aadhaar se link nahi hai aapka, isliye account freeze ho gaya hai.",1
"Online 5000 transfer ho gaye hain, cancel karne ke liye AnyDesk app download karein.",1
"Screen share app install kariye, main aapka account wapas theek kar dunga.",1
"Sir turant apna PIN bataiye, nahi to bank band kar dega account.",1
Agar aap chahte hain ki aapke paise safe rahein to password verify kariye.,1
"TeamViewer app se aap apna phone mujhe connect karein, main help karunga.",1
"Dear customer, aapka Yono SBI block ho gaya hai. Link par click karein.",1
HDFC netbanking band ho jayegi agar aapne apna details abhi form me nahi bhara.,1
ICICI credit card limit badhani hai? Apna card detail aur CVV message karein.,1
Aapka account hack ho gaya hai. Security verify karne ke liye OTP batayein.,1
"Mera naam Rahul hai PNB bank se, aapka khata hold pe rakha gaya hai.",1
Khata band hone wala hai 24 ghante mein. Turant call karein is number par.,1
Main cyber crime branch se Inspector Sharma bol raha hu.,1
Aapke khilaaf FIR darz hui hai dhokhadhadi ke mamle mein.,1
Agar aap arrest nahi hona chahte toh 50000 rupe penalty bhariye.,1
"Aapka beta arrest ho gaya hai, usko chhudana hai toh paise bhejiye.",1
Police aane wali hai aapke ghar 10 minute mein. Case band karwana hai toh batao.,1
"Aapne traffic signal toda tha, fine ka message gaya hai, link se pay karo.",1
"Main supreme court se advocate bol raha hu, aapke naam pe warrant hai.",1
Jail jana padega agar aapne kal tak penalty ka paisa nahi jama kiya toh.,1
Aapke parcel me ganja nikla hai. Customs officer isko seize kar lenge.,1
Parcel courier custom duty nahi bhari aapne. Giraftari hogi aapki.,1
Aapka passport cancel hone wala hai illegal activity ke liye.,1
"Giraftar hona padega sir, CID se complaint likhwai gayi hai.",1
Pulis ne complaint likhi hai. Is case ko settle karne ke liye paise transfer karo.,1
Main CBI se baat kar raha hu. Aapka account money laundering me pakda gaya.,1
"Aapko abhi thikane laga denge, agar chupchap payment nahi ki to.",1
Agar aapne fine nahi bhara toh court case hoga.,1
"Ye aakhri warning hai, police station aa jaiye ya online bail lijiye.",1
"Bail paper ban gaye hain, 1 lakh jamanat bhari padegi turant.",1
"KBC se bol raha hu, aapki 25 lakh ki lottery lagi hai.",1
Congratulations sir! Aap Tata Motors ke lucky draw winner hain.,1
Inaam ki rashi lene ke liye 1500 rupe GST tax bharna padega.,1
Aapka number select hua hai free iPhone ke liye. Courier charge de do.,1
Part time job karna hai? Ghar baithe 2000 kamaye roz.,1
"Data entry ki job hai madam, registration fees sirf 1000 rupaye hai.",1
Amazon Work From home me aapka selection ho gaya hai. HR se baat kariye.,1
"YouTube ke videos like karke aap monthly 50,000 kama sakte hain.",1
Sir aapko 5 crore ka jackpot laga hai UK wali company se.,1
Lottery amount account me lene ke liye bank ka ifsc aur pin batao.,1
Aap lucky winner ban gaye hain Diwali offer ke tahat.,1
Jeet gaye aap ek naya gaadi! Delivery charge jama karayein aaj hi.,1
Refund mangna hai toh customer id aur apna passcode bhejiye.,1
Kaun Banega Crorepati WhatsApp lottery contest me apka naam hai.,1
Aapko ek free trip mili hai Dubai ki. Visa processing fees lagti hai.,1
Stock market me daily double profit kamana hai toh humein paise bhejein.,1
"Bitcoin trading me 100 percent guaranteed return milega, join kariye.",1
"TRAI se baat kar raha hu, aapka SIM card deactivate hone wala hai.",1
"Jio company se bol raha hu, 5G upgrade ke liye ye OTP confirm karein.",1
Airtel number block ho jayega document incomplete hone ke wajah se.,1
"Aapka TV DTH connection disconnect hone wala hai, recharge karein link se.",1
"Aapke phone me virus aaya hai, humara app install kariye hatane ke liye.",1
Amazon Prime free subscription chahiye toh is link par click karein.,1
"Customer care executive bol raha hu, aapki problem thik kar dunga, detail do.",1
Sir aapka refund block hai. AnyDesk app se check karunga apka error.,1
Aadhar card update karana hai toh is government portal me OTP daaliye.,1
